"","fixed_acidity","volatile_acidity","citric_acidity","ph","quality"
"1",7.4,0.7,0,3.51,5
"2",7.8,0.88,0,3.2,5
"3",7.8,0.76,0.04,3.26,5
"4",11.2,0.28,0.56,3.16,6
"5",7.4,0.7,0,3.51,5
"6",7.4,0.66,0,3.51,5
"7",7.9,0.6,0.06,3.3,5
"8",7.3,0.65,0,3.39,7
"9",7.8,0.58,0.02,3.36,7
"10",7.5,0.5,0.36,3.35,5
"11",6.7,0.58,0.08,3.28,5
"12",7.5,0.5,0.36,3.35,5
"13",5.6,0.615,0,3.58,5
"14",7.8,0.61,0.29,3.26,5
"15",8.9,0.62,0.18,3.16,5
"16",8.9,0.62,0.19,3.17,5
"17",8.5,0.28,0.56,3.3,7
"18",8.1,0.56,0.28,3.11,5
"19",7.4,0.59,0.08,3.38,4
"20",7.9,0.32,0.51,3.04,6
"21",8.9,0.22,0.48,3.39,6
"22",7.6,0.39,0.31,3.52,5
"23",7.9,0.43,0.21,3.17,5
"24",8.5,0.49,0.11,3.17,5
"25",6.9,0.4,0.14,3.43,6
"26",6.3,0.39,0.16,3.34,5
"27",7.6,0.41,0.24,3.28,5
"28",7.9,0.43,0.21,3.17,5
"29",7.1,0.71,0,3.47,5
"30",7.8,0.645,0,3.38,6
"31",6.7,0.675,0.07,3.35,5
"32",6.9,0.685,0,3.46,6
"33",8.3,0.655,0.12,3.17,5
"34",6.9,0.605,0.12,3.45,6
"35",5.2,0.32,0.25,3.38,5
"36",7.8,0.645,0,3.4,6
"37",7.8,0.6,0.14,3.42,6
"38",8.1,0.38,0.28,3.23,7
"39",5.7,1.13,0.09,3.5,4
"40",7.3,0.45,0.36,3.33,5
"41",7.3,0.45,0.36,3.33,5
"42",8.8,0.61,0.3,3.26,4
"43",7.5,0.49,0.2,3.21,6
"44",8.1,0.66,0.22,3.3,5
"45",6.8,0.67,0.02,3.48,5
"46",4.6,0.52,0.15,3.9,4
"47",7.7,0.935,0.43,3.25,5
"48",8.7,0.29,0.52,3.25,5
"49",6.4,0.4,0.23,3.34,5
"50",5.6,0.31,0.37,3.32,5
"51",8.8,0.66,0.26,3.15,5
"52",6.6,0.52,0.04,3.4,6
"53",6.6,0.5,0.04,3.39,6
"54",8.6,0.38,0.36,3.2,5
"55",7.6,0.51,0.15,3.17,6
"56",7.7,0.62,0.04,3.34,5
"57",10.2,0.42,0.57,3.04,5
"58",7.5,0.63,0.12,3.26,5
"59",7.8,0.59,0.18,3.43,5
"60",7.3,0.39,0.31,3.41,6
"61",8.8,0.4,0.4,3.44,5
"62",7.7,0.69,0.49,3.21,5
"63",7.5,0.52,0.16,3.38,7
"64",7,0.735,0.05,3.39,5
"65",7.2,0.725,0.05,3.41,5
"66",7.2,0.725,0.05,3.41,5
"67",7.5,0.52,0.11,3.42,5
"68",6.6,0.705,0.07,3.44,5
"69",9.3,0.32,0.57,3.28,5
"70",8,0.705,0.05,3.34,6
"71",7.7,0.63,0.08,3.32,6
"72",7.7,0.67,0.23,3.32,5
"73",7.7,0.69,0.22,3.31,5
"74",8.3,0.675,0.26,3.31,4
"75",9.7,0.32,0.54,3.28,5
"76",8.8,0.41,0.64,3.54,5
"77",8.8,0.41,0.64,3.54,5
"78",6.8,0.785,0,3.52,6
"79",6.7,0.75,0.12,3.38,5
"80",8.3,0.625,0.2,3.16,4
"81",6.2,0.45,0.2,3.41,5
"82",7.8,0.43,0.7,3.13,5
"83",7.4,0.5,0.47,3.36,5
"84",7.3,0.67,0.26,3.16,5
"85",6.3,0.3,0.48,3.44,6
"86",6.9,0.55,0.15,3.41,5
"87",8.6,0.49,0.28,2.93,6
"88",7.7,0.49,0.26,3.39,5
"89",9.3,0.39,0.44,3.14,5
"90",7,0.62,0.08,3.48,5
"91",7.9,0.52,0.26,3.23,5
"92",8.6,0.49,0.28,2.93,6
"93",8.6,0.49,0.29,2.93,5
"94",7.7,0.49,0.26,3.39,5
"95",5,1.02,0.04,3.75,4
"96",4.7,0.6,0.17,3.85,6
"97",6.8,0.775,0,3.45,5
"98",7,0.5,0.25,3.25,5
"99",7.6,0.9,0.06,3.39,5
"100",8.1,0.545,0.18,3.3,6
"101",8.3,0.61,0.3,3.4,6
"102",7.8,0.5,0.3,3.31,6
"103",8.1,0.545,0.18,3.3,6
"104",8.1,0.575,0.22,3.29,5
"105",7.2,0.49,0.24,3.33,5
"106",8.1,0.575,0.22,3.29,5
"107",7.8,0.41,0.68,3.08,5
"108",6.2,0.63,0.31,3.46,5
"109",8,0.33,0.53,3.37,6
"110",8.1,0.785,0.52,3.21,5
"111",7.8,0.56,0.19,3.19,5
"112",8.4,0.62,0.09,3.15,5
"113",8.4,0.6,0.1,3.15,5
"114",10.1,0.31,0.44,3.32,6
"115",7.8,0.56,0.19,3.19,5
"116",9.4,0.4,0.31,3.07,6
"117",8.3,0.54,0.28,3.39,6
"118",7.8,0.56,0.12,3.37,6
"119",8.8,0.55,0.04,3.21,6
"120",7,0.69,0.08,3.34,6
"121",7.3,1.07,0.09,3.3,5
"122",8.8,0.55,0.04,3.21,6
"123",7.3,0.695,0,3.49,5
"124",8,0.71,0,3.44,5
"125",7.8,0.5,0.17,3.39,5
"126",9,0.62,0.04,3.16,5
"127",8.2,1.33,0,3.53,5
"128",8.1,1.33,0,3.54,5
"129",8,0.59,0.16,3.42,7
"130",6.1,0.38,0.15,3.42,5
"131",8,0.745,0.56,3.24,5
"132",5.6,0.5,0.09,3.63,5
"133",5.6,0.5,0.09,3.63,5
"134",6.6,0.5,0.01,3.4,6
"135",7.9,1.04,0.05,3.22,6
"136",8.4,0.745,0.11,3.19,5
"137",8.3,0.715,0.15,3.23,5
"138",7.2,0.415,0.36,3.48,5
"139",7.8,0.56,0.19,3.33,5
"140",7.8,0.56,0.19,3.32,5
"141",8.4,0.745,0.11,3.19,5
"142",8.3,0.715,0.15,3.23,5
"143",5.2,0.34,0,3.68,6
"144",6.3,0.39,0.08,3.34,5
"145",5.2,0.34,0,3.68,6
"146",8.1,0.67,0.55,3.17,5
"147",5.8,0.68,0.02,3.54,5
"148",7.6,0.49,0.26,3.11,5
"149",6.9,0.49,0.1,3.42,6
"150",8.2,0.4,0.44,3.53,6
"151",7.3,0.33,0.47,3.33,6
"152",9.2,0.52,1,2.74,4
"153",7.5,0.6,0.03,3.35,5
"154",7.5,0.6,0.03,3.35,5
"155",7.1,0.43,0.42,3.42,5
"156",7.1,0.43,0.42,3.42,5
"157",7.1,0.43,0.42,3.42,5
"158",7.1,0.43,0.42,3.42,5
"159",7.1,0.68,0,3.48,5
"160",6.8,0.6,0.18,3.59,6
"161",7.6,0.95,0.03,3.2,5
"162",7.6,0.68,0.02,3.17,4
"163",7.8,0.53,0.04,3.33,6
"164",7.4,0.6,0.26,3.37,5
"165",7.3,0.59,0.26,3.37,5
"166",7.8,0.63,0.48,3.19,5
"167",6.8,0.64,0.1,3.34,5
"168",7.3,0.55,0.03,3.37,4
"169",6.8,0.63,0.07,3.47,6
"170",7.5,0.705,0.24,3,5
"171",7.9,0.885,0.03,3.36,4
"172",8,0.42,0.17,3.29,6
"173",8,0.42,0.17,3.29,6
"174",7.4,0.62,0.05,3.42,6
"175",7.3,0.38,0.21,3.33,5
"176",6.9,0.5,0.04,3.35,5
"177",7.3,0.38,0.21,3.33,5
"178",7.5,0.52,0.42,3.58,6
"179",7,0.805,0,3.48,5
"180",8.8,0.61,0.14,3.19,5
"181",8.8,0.61,0.14,3.19,5
"182",8.9,0.61,0.49,3.12,5
"183",7.2,0.73,0.02,3.44,5
"184",6.8,0.61,0.2,3.54,5
"185",6.7,0.62,0.21,3.52,6
"186",8.9,0.31,0.57,3.26,5
"187",7.4,0.39,0.48,3.34,5
"188",7.7,0.705,0.1,3.39,5
"189",7.9,0.5,0.33,3.2,5
"190",7.9,0.49,0.32,3.2,5
"191",8.2,0.5,0.35,3.23,5
"192",6.4,0.37,0.25,3.57,6
"193",6.8,0.63,0.12,3.28,5
"194",7.6,0.55,0.21,3.28,5
"195",7.6,0.55,0.21,3.28,5
"196",7.8,0.59,0.33,3.25,5
"197",7.3,0.58,0.3,3.46,5
"198",11.5,0.3,0.6,3.11,6
"199",5.4,0.835,0.08,3.57,7
"200",6.9,1.09,0.06,3.51,4
"201",9.6,0.32,0.47,3.22,7
"202",8.8,0.37,0.48,3.04,5
"203",6.8,0.5,0.11,3.36,5
"204",7,0.42,0.35,3.34,5
"205",7,0.43,0.36,3.34,6
"206",12.8,0.3,0.74,3.2,7
"207",12.8,0.3,0.74,3.2,7
"208",7.8,0.57,0.31,3.29,5
"209",7.8,0.44,0.28,3.22,5
"210",11,0.3,0.58,3.31,7
"211",9.7,0.53,0.6,3.3,6
"212",8,0.725,0.24,3.35,6
"213",11.6,0.44,0.64,3.21,6
"214",8.2,0.57,0.26,3.3,5
"215",7.8,0.735,0.08,3.24,6
"216",7,0.49,0.49,3.34,5
"217",8.7,0.625,0.16,3.14,5
"218",8.1,0.725,0.22,3.36,5
"219",7.5,0.49,0.19,3.39,5
"220",7.8,0.53,0.33,3.3,5
"221",7.8,0.34,0.37,3.34,6
"222",7.4,0.53,0.26,3.15,5
"223",6.8,0.61,0.04,3.42,5
"224",8.6,0.645,0.25,3.28,6
"225",8.4,0.635,0.36,3.31,4
"226",7.7,0.43,0.25,3.37,6
"227",8.9,0.59,0.5,3.04,6
"228",9,0.82,0.14,3.39,5
"229",7.7,0.43,0.25,3.37,6
"230",6.9,0.52,0.25,3.46,5
"231",5.2,0.48,0.04,3.54,7
"232",8,0.38,0.06,3.37,6
"233",8.5,0.37,0.2,3.34,6
"234",6.9,0.52,0.25,3.46,5
"235",8.2,1,0.09,3.32,6
"236",7.2,0.63,0,3.37,6
"237",7.2,0.63,0,3.37,6
"238",7.2,0.645,0,3.37,6
"239",7.2,0.63,0,3.37,6
"240",8.2,1,0.09,3.32,6
"241",8.9,0.635,0.37,3,5
"242",12,0.38,0.56,3.14,6
"243",7.7,0.58,0.1,3.08,6
"244",15,0.21,0.44,3.07,7
"245",15,0.21,0.44,3.07,7
"246",7.3,0.66,0,3.61,6
"247",7.1,0.68,0.07,3.38,5
"248",8.2,0.6,0.17,3.2,5
"249",7.7,0.53,0.06,3.35,6
"250",7.3,0.66,0,3.61,6
"251",10.8,0.32,0.44,3.22,6
"252",7.1,0.6,0,3.47,6
"253",11.1,0.35,0.48,3.17,5
"254",7.7,0.775,0.42,3.23,5
"255",7.1,0.6,0,3.47,6
"256",8,0.57,0.23,3.26,5
"257",9.4,0.34,0.37,3.22,5
"258",6.6,0.695,0,3.49,5
"259",7.7,0.41,0.76,3.06,5
"260",10,0.31,0.47,3.36,7
"261",7.9,0.33,0.23,3.29,5
"262",7,0.975,0.04,3.35,4
"263",8,0.52,0.03,3.34,5
"264",7.9,0.37,0.23,3.28,5
"265",12.5,0.56,0.49,3.08,5
"266",11.8,0.26,0.52,3.2,7
"267",8.1,0.87,0,3.6,4
"268",7.9,0.35,0.46,3.35,8
"269",6.9,0.54,0.04,3.69,6
"270",11.5,0.18,0.51,3.28,6
"271",7.9,0.545,0.06,3.36,6
"272",11.5,0.18,0.51,3.28,6
"273",10.9,0.37,0.58,3.22,5
"274",8.4,0.715,0.2,3.31,5
"275",7.5,0.65,0.18,3.38,5
"276",7.9,0.545,0.06,3.36,6
"277",6.9,0.54,0.04,3.69,6
"278",11.5,0.18,0.51,3.28,6
"279",10.3,0.32,0.45,3.23,8
"280",8.9,0.4,0.32,3.38,7
"281",11.4,0.26,0.44,3.12,6
"282",7.7,0.27,0.68,3.25,7
"283",7.6,0.52,0.12,3.36,5
"284",8.9,0.4,0.32,3.38,7
"285",9.9,0.59,0.07,3.31,5
"286",9.9,0.59,0.07,3.31,5
"287",12,0.45,0.55,3.1,6
"288",7.5,0.4,0.12,3.37,6
"289",8.7,0.52,0.09,3.34,7
"290",11.6,0.42,0.53,3.2,5
"291",8.7,0.52,0.09,3.34,7
"292",11,0.2,0.48,3.3,5
"293",10.4,0.55,0.23,3.22,6
"294",6.9,0.36,0.25,3.41,6
"295",13.3,0.34,0.52,3.05,6
"296",10.8,0.5,0.46,3.05,5
"297",10.6,0.83,0.37,3.16,5
"298",7.1,0.63,0.06,3.67,5
"299",7.2,0.65,0.02,3.67,5
"300",6.9,0.67,0.06,3.68,5
"301",7.5,0.53,0.06,3.38,6
"302",11.1,0.18,0.48,3.22,6
"303",8.3,0.705,0.12,3.51,5
"304",7.4,0.67,0.12,3.39,5
"305",8.4,0.65,0.6,3.2,5
"306",10.3,0.53,0.48,3.12,6
"307",7.6,0.62,0.32,3.36,5
"308",10.3,0.41,0.42,3.19,6
"309",10.3,0.43,0.44,3.19,6
"310",7.4,0.29,0.38,3.41,6
"311",10.3,0.53,0.48,3.12,6
"312",7.9,0.53,0.24,3.27,6
"313",9,0.46,0.31,3.32,6
"314",8.6,0.47,0.3,3.3,5
"315",7.4,0.36,0.29,3.39,5
"316",7.1,0.35,0.29,3.42,6
"317",9.6,0.56,0.23,3.3,5
"318",9.6,0.77,0.12,3.3,6
"319",9.8,0.66,0.39,3.37,7
"320",9.6,0.77,0.12,3.3,6
"321",9.8,0.66,0.39,3.37,7
"322",9.3,0.61,0.26,3.24,5
"323",7.8,0.62,0.05,3.29,5
"324",10.3,0.59,0.42,3.28,6
"325",10,0.49,0.2,3.16,6
"326",10,0.49,0.2,3.16,6
"327",11.6,0.53,0.66,3.05,7
"328",10.3,0.44,0.5,3.28,5
"329",13.4,0.27,0.62,3.16,6
"330",10.7,0.46,0.39,3.18,5
"331",10.2,0.36,0.64,3.23,6
"332",10.2,0.36,0.64,3.23,6
"333",8,0.58,0.28,3.22,6
"334",8.4,0.56,0.08,3.13,5
"335",7.9,0.65,0.01,3.34,7
"336",11.9,0.695,0.53,3.17,7
"337",8.9,0.43,0.45,3.35,6
"338",7.8,0.43,0.32,3.31,5
"339",12.4,0.49,0.58,3.16,6
"340",12.5,0.28,0.54,3.11,7
"341",12.2,0.34,0.5,3.12,6
"342",10.6,0.42,0.48,3.21,6
"343",10.9,0.39,0.47,3.3,6
"344",10.9,0.39,0.47,3.3,6
"345",11.9,0.57,0.5,3.12,6
"346",7,0.685,0,3.6,5
"347",6.6,0.815,0.02,3.58,7
"348",13.8,0.49,0.67,3.02,6
"349",9.6,0.56,0.31,3.11,6
"350",9.1,0.785,0,3.36,6
"351",10.7,0.67,0.22,3.28,6
"352",9.1,0.795,0,3.35,6
"353",7.7,0.665,0,3.27,5
"354",13.5,0.53,0.79,3.18,5
"355",6.1,0.21,0.4,3.25,6
"356",6.7,0.75,0.01,3.55,6
"357",11.5,0.41,0.52,3.26,5
"358",10.5,0.42,0.66,3.24,7
"359",11.9,0.43,0.66,3.15,7
"360",12.6,0.38,0.66,3.17,6
"361",8.2,0.7,0.23,3.19,5
"362",8.6,0.45,0.31,3.37,6
"363",11.9,0.58,0.66,3.05,5
"364",12.5,0.46,0.63,2.99,5
"365",12.8,0.615,0.66,3.07,7
"366",10,0.42,0.5,3.26,6
"367",12.8,0.615,0.66,3.07,7
"368",10.4,0.575,0.61,3.16,5
"369",10.3,0.34,0.52,3.18,5
"370",9.4,0.27,0.53,3.2,7
"371",6.9,0.765,0.02,3.57,5
"372",7.9,0.24,0.4,3.32,6
"373",9.1,0.28,0.48,3.32,6
"374",7.4,0.55,0.22,3.05,5
"375",14,0.41,0.63,3.01,6
"376",11.5,0.54,0.71,3.01,7
"377",11.5,0.45,0.5,3.26,6
"378",9.4,0.27,0.53,3.2,7
"379",11.4,0.625,0.66,3.11,6
"380",8.3,0.42,0.38,3.31,6
"381",8.3,0.26,0.42,3.21,6
"382",13.7,0.415,0.68,3.06,6
"383",8.3,0.26,0.42,3.21,6
"384",8.3,0.26,0.42,3.21,6
"385",7.7,0.51,0.28,3.42,5
"386",7.4,0.63,0.07,3.43,6
"387",7.8,0.54,0.26,3.41,6
"388",8.3,0.66,0.15,3.31,6
"389",7.8,0.46,0.26,3.43,6
"390",9.6,0.38,0.31,3.19,7
"391",5.6,0.85,0.05,3.56,8
"392",13.7,0.415,0.68,3.06,6
"393",9.5,0.37,0.52,3.18,5
"394",8.4,0.665,0.61,3.16,5
"395",12.7,0.6,0.65,3.03,5
"396",12,0.37,0.76,3.22,7
"397",6.6,0.735,0.02,3.47,5
"398",11.5,0.59,0.59,3.18,6
"399",11.5,0.59,0.59,3.18,6
"400",8.7,0.765,0.22,3.1,5
"401",6.6,0.735,0.02,3.47,5
"402",7.7,0.26,0.3,3.29,6
"403",12.2,0.48,0.54,3.1,6
"404",11.4,0.6,0.49,3.15,6
"405",7.7,0.69,0.05,3.26,5
"406",8.7,0.31,0.46,3.36,6
"407",9.8,0.44,0.47,3.24,6
"408",12,0.39,0.66,3.18,7
"409",10.4,0.34,0.58,3.19,6
"410",12.5,0.46,0.49,3.05,4
"411",9,0.43,0.34,3.38,6
"412",9.1,0.45,0.35,3.38,5
"413",7.1,0.735,0.16,3.27,5
"414",9.9,0.4,0.53,3.27,7
"415",8.8,0.52,0.34,3.26,5
"416",8.6,0.725,0.24,3.32,5
"417",10.6,0.48,0.64,3.26,6
"418",7,0.58,0.12,3.44,5
"419",11.9,0.38,0.51,3.24,6
"420",6.8,0.77,0,3.62,5
"421",9.5,0.56,0.33,3.28,7
"422",6.6,0.84,0.03,3.52,7
"423",7.7,0.96,0.2,3.36,5
"424",10.5,0.24,0.47,3.15,7
"425",7.7,0.96,0.2,3.36,5
"426",6.6,0.84,0.03,3.52,7
"427",6.4,0.67,0.08,3.49,6
"428",9.5,0.78,0.22,3.26,6
"429",9.1,0.52,0.33,3.24,5
"430",12.8,0.84,0.63,3.1,6
"431",10.5,0.24,0.47,3.15,7
"432",7.8,0.55,0.35,3.25,5
"433",11.9,0.37,0.69,3,6
"434",12.3,0.39,0.63,3.16,5
"435",10.4,0.41,0.55,3.15,6
"436",12.3,0.39,0.63,3.16,5
"437",8,0.67,0.3,3.26,6
"438",11.1,0.45,0.73,3.17,6
"439",10.4,0.41,0.55,3.15,6
"440",7,0.62,0.18,3.08,5
"441",12.6,0.31,0.72,2.88,8
"442",11.9,0.4,0.65,3.06,6
"443",15.6,0.685,0.76,2.95,7
"444",10,0.44,0.49,3.23,7
"445",5.3,0.57,0.01,3.57,7
"446",9.5,0.735,0.1,3.23,6
"447",12.5,0.38,0.6,3.1,5
"448",9.3,0.48,0.29,3.22,5
"449",8.6,0.53,0.22,3.2,6
"450",11.9,0.39,0.69,3.1,6
"451",11.9,0.39,0.69,3.1,6
"452",8.4,0.37,0.53,3.06,6
"453",6.8,0.56,0.03,3.44,6
"454",10.4,0.33,0.63,3.26,7
"455",7,0.23,0.4,3.5,5
"456",11.3,0.62,0.67,3.22,8
"457",8.9,0.59,0.39,3.37,5
"458",9.2,0.63,0.21,3.28,5
"459",10.4,0.33,0.63,3.26,7
"460",11.6,0.58,0.66,3.25,3
"461",9.2,0.43,0.52,3.35,6
"462",8.3,0.615,0.22,3.26,5
"463",11,0.26,0.68,3.18,5
"464",8.1,0.66,0.7,3.08,5
"465",11.5,0.315,0.54,2.98,6
"466",10,0.29,0.4,3.48,5
"467",10.3,0.5,0.42,3.16,6
"468",8.8,0.46,0.45,3.32,6
"469",11.4,0.36,0.69,3.17,6
"470",8.7,0.82,0.02,3.2,5
"471",13,0.32,0.65,3.05,5
"472",9.6,0.54,0.42,3.2,6
"473",12.5,0.37,0.55,3.15,6
"474",9.9,0.35,0.55,3.26,5
"475",10.5,0.28,0.51,3.2,6
"476",9.6,0.68,0.24,3.14,5
"477",9.3,0.27,0.41,3.28,5
"478",10.4,0.24,0.49,3.18,6
"479",9.6,0.68,0.24,3.14,5
"480",9.4,0.685,0.11,3.19,6
"481",10.6,0.28,0.39,3.12,5
"482",9.4,0.3,0.56,3.15,8
"483",10.6,0.36,0.59,3.04,5
"484",10.6,0.36,0.6,3.04,5
"485",10.6,0.44,0.68,3.06,6
"486",10.2,0.67,0.39,3.17,5
"487",10.2,0.67,0.39,3.17,5
"488",10.2,0.645,0.36,3.17,6
"489",11.6,0.32,0.55,3.32,7
"490",9.3,0.39,0.4,3.34,6
"491",9.3,0.775,0.27,3.31,6
"492",9.2,0.41,0.5,3.34,7
"493",8.9,0.4,0.51,3.32,7
"494",8.7,0.69,0.31,3.48,6
"495",6.5,0.39,0.23,3.44,6
"496",10.7,0.35,0.53,3.15,8
"497",7.8,0.52,0.25,3.43,6
"498",7.2,0.34,0.32,3.32,5
"499",10.7,0.35,0.53,3.15,8
"500",8.7,0.69,0.31,3.48,6
"501",7.8,0.52,0.25,3.43,6
"502",10.4,0.44,0.73,3.17,7
"503",10.4,0.44,0.73,3.17,7
"504",10.5,0.26,0.47,3.18,7
"505",10.5,0.24,0.42,3.21,7
"506",10.2,0.49,0.63,3.16,7
"507",10.4,0.24,0.46,3.25,7
"508",11.2,0.67,0.55,3.17,6
"509",10,0.59,0.31,3.18,6
"510",13.3,0.29,0.75,3.04,7
"511",12.4,0.42,0.49,3.02,5
"512",10,0.59,0.31,3.18,6
"513",10.7,0.4,0.48,3.03,6
"514",10.5,0.51,0.64,3.09,7
"515",10.5,0.51,0.64,3.09,7
"516",8.5,0.655,0.49,3.31,5
"517",12.5,0.6,0.49,3.25,6
"518",10.4,0.61,0.49,3.16,3
"519",10.9,0.21,0.49,3.22,6
"520",7.3,0.365,0.49,3.36,5
"521",9.8,0.25,0.49,3.42,6
"522",7.6,0.41,0.49,3.48,5
"523",8.2,0.39,0.49,3.38,5
"524",9.3,0.4,0.49,3.22,5
"525",9.2,0.43,0.49,3.23,5
"526",10.4,0.64,0.24,3.24,5
"527",7.3,0.365,0.49,3.36,5
"528",7,0.38,0.49,3.39,6
"529",8.2,0.42,0.49,3.34,6
"530",9.9,0.63,0.24,3.09,5
"531",9.1,0.22,0.24,3.41,6
"532",11.9,0.38,0.49,3.16,5
"533",11.9,0.38,0.49,3.16,5
"534",10.3,0.27,0.24,3.22,6
"535",10,0.48,0.24,3.28,6
"536",9.1,0.22,0.24,3.41,6
"537",9.9,0.63,0.24,3.09,5
"538",8.1,0.825,0.24,3.37,6
"539",12.9,0.35,0.49,3.2,7
"540",11.2,0.5,0.74,3.22,5
"541",9.2,0.59,0.24,3.26,5
"542",9.5,0.46,0.49,3.21,6
"543",9.3,0.715,0.24,3.12,5
"544",11.2,0.66,0.24,3.06,6
"545",14.3,0.31,0.74,2.86,6
"546",9.1,0.47,0.49,3.08,5
"547",7.5,0.55,0.24,3.45,6
"548",10.6,0.31,0.49,3.26,6
"549",12.4,0.35,0.49,3.12,6
"550",9,0.53,0.49,3.27,6
"551",6.8,0.51,0.01,3.33,6
"552",9.4,0.43,0.24,3.19,6
"553",9.5,0.46,0.24,3.12,6
"554",5,1.04,0.24,3.74,5
"555",15.5,0.645,0.49,2.92,5
"556",15.5,0.645,0.49,2.92,5
"557",10.9,0.53,0.49,3.07,6
"558",15.6,0.645,0.49,2.92,5
"559",10.9,0.53,0.49,3.07,6
"560",13,0.47,0.49,3.3,6
"561",12.7,0.6,0.49,3.14,5
"562",9,0.44,0.49,3.23,5
"563",9,0.54,0.49,3.08,5
"564",7.6,0.29,0.49,3.31,6
"565",13,0.47,0.49,3.3,6
"566",12.7,0.6,0.49,3.14,5
"567",8.7,0.7,0.24,3.32,6
"568",8.7,0.7,0.24,3.32,6
"569",9.8,0.5,0.49,3.31,6
"570",6.2,0.36,0.24,3.57,6
"571",11.5,0.35,0.49,3.32,6
"572",6.2,0.36,0.24,3.57,6
"573",10.2,0.24,0.49,3.14,5
"574",10.5,0.59,0.49,3.3,4
"575",10.6,0.34,0.49,3.19,6
"576",12.3,0.27,0.49,3.2,6
"577",9.9,0.5,0.24,3.34,4
"578",8.8,0.44,0.49,3.3,5
"579",8.8,0.47,0.49,3.29,5
"580",10.6,0.31,0.49,3.14,6
"581",12.3,0.5,0.49,3.19,5
"582",12.3,0.5,0.49,3.19,5
"583",11.7,0.49,0.49,3.19,5
"584",12,0.28,0.49,2.98,7
"585",11.8,0.33,0.49,3.3,7
"586",7.6,0.51,0.24,3.47,6
"587",11.1,0.31,0.49,3.12,7
"588",7.3,0.73,0.24,3.26,5
"589",5,0.42,0.24,3.72,8
"590",10.2,0.29,0.49,3.05,7
"591",9,0.45,0.49,3.35,5
"592",6.6,0.39,0.49,3.12,6
"593",9,0.45,0.49,3.35,5
"594",9.9,0.49,0.58,3.29,5
"595",7.9,0.72,0.17,3.4,5
"596",8.9,0.595,0.41,3.27,5
"597",12.4,0.4,0.51,3.04,6
"598",11.9,0.58,0.58,3.09,6
"599",8.5,0.585,0.18,3.2,6
"600",12.7,0.59,0.45,3,6
"601",8.2,0.915,0.27,3.26,4
"602",13.2,0.46,0.52,3.1,6
"603",7.7,0.835,0,3.3,5
"604",13.2,0.46,0.52,3.1,6
"605",8.3,0.58,0.13,3.17,6
"606",8.3,0.6,0.13,3.31,6
"607",9.4,0.41,0.48,3.34,7
"608",8.8,0.48,0.41,3.31,6
"609",10.1,0.65,0.37,3.32,6
"610",6.3,0.36,0.19,3.56,6
"611",8.8,0.24,0.54,3.39,5
"612",13.2,0.38,0.55,2.98,5
"613",7.5,0.64,0,3.32,6
"614",8.2,0.39,0.38,3.26,5
"615",9.2,0.755,0.18,2.87,6
"616",9.6,0.6,0.5,3.5,5
"617",9.6,0.6,0.5,3.5,5
"618",11.5,0.31,0.51,3.03,6
"619",11.4,0.46,0.5,3.13,5
"620",11.3,0.37,0.41,3.09,5
"621",8.3,0.54,0.24,3.27,5
"622",8.2,0.56,0.23,3.28,5
"623",10,0.58,0.22,3.13,5
"624",7.9,0.51,0.25,3.49,6
"625",6.8,0.69,0,3.46,5
"626",6.8,0.69,0,3.46,5
"627",8.8,0.6,0.29,3.36,5
"628",8.8,0.6,0.29,3.36,5
"629",8.7,0.54,0.26,3.27,6
"630",7.6,0.685,0.23,3.21,5
"631",8.7,0.54,0.26,3.27,6
"632",10.4,0.28,0.54,3.25,5
"633",7.6,0.41,0.14,3.32,6
"634",10.1,0.935,0.22,3.43,4
"635",7.9,0.35,0.21,3.27,5
"636",8.7,0.84,0,3.27,5
"637",9.6,0.88,0.28,3.24,5
"638",9.5,0.885,0.27,3.24,5
"639",7.7,0.915,0.12,3.35,7
"640",8.9,0.29,0.35,3.18,6
"641",9.9,0.54,0.45,3.39,5
"642",9.5,0.59,0.44,3.46,5
"643",9.9,0.54,0.45,3.39,5
"644",9.5,0.59,0.44,3.46,5
"645",9.9,0.54,0.45,3.39,5
"646",7.8,0.64,0.1,3.37,7
"647",7.3,0.67,0.05,3.4,5
"648",8.3,0.845,0.01,3.32,4
"649",8.7,0.48,0.3,3.33,7
"650",6.7,0.42,0.27,3.16,6
"651",10.7,0.43,0.39,2.89,5
"652",9.8,0.88,0.25,3.41,5
"653",15.9,0.36,0.65,2.98,5
"654",9.4,0.33,0.59,3.12,6
"655",8.6,0.47,0.47,3.08,5
"656",9.7,0.55,0.17,3.14,5
"657",10.7,0.43,0.39,2.89,5
"658",12,0.5,0.59,2.92,7
"659",7.2,0.52,0.07,3.32,6
"660",7.1,0.84,0.02,3.41,4
"661",7.2,0.52,0.07,3.32,6
"662",7.5,0.42,0.31,3.31,5
"663",7.2,0.57,0.06,3.36,6
"664",10.1,0.28,0.46,3.04,6
"665",12.1,0.4,0.52,3.03,5
"666",9.4,0.59,0.14,3.14,5
"667",8.3,0.49,0.36,3.18,6
"668",11.3,0.34,0.45,2.94,6
"669",10,0.73,0.43,3.15,5
"670",11.3,0.34,0.45,2.94,6
"671",6.9,0.4,0.24,3.26,5
"672",8.2,0.73,0.21,3.2,5
"673",9.8,1.24,0.34,3.15,5
"674",8.2,0.73,0.21,3.2,5
"675",10.8,0.4,0.41,3.08,6
"676",9.3,0.41,0.39,3.26,5
"677",10.8,0.4,0.41,3.08,6
"678",8.6,0.8,0.11,3.4,5
"679",8.3,0.78,0.1,3.48,5
"680",10.8,0.26,0.45,3.13,5
"681",13.3,0.43,0.58,3.06,5
"682",8,0.45,0.23,3.21,6
"683",8.5,0.46,0.31,3.33,5
"684",8.1,0.78,0.23,3.37,5
"685",9.8,0.98,0.32,3.25,5
"686",8.1,0.78,0.23,3.37,5
"687",7.1,0.65,0.18,3.44,5
"688",9.1,0.64,0.23,3.28,5
"689",7.7,0.66,0.04,3.4,5
"690",8.1,0.38,0.48,3.3,5
"691",7.4,1.185,0,3.63,3
"692",9.2,0.92,0.24,3.48,5
"693",8.6,0.49,0.51,3.03,5
"694",9,0.48,0.32,3.32,5
"695",9,0.47,0.31,3.31,5
"696",5.1,0.47,0.02,3.9,6
"697",7,0.65,0.02,3.47,6
"698",7,0.65,0.02,3.47,6
"699",9.4,0.615,0.28,3.31,5
"700",11.8,0.38,0.55,3.11,6
"701",10.6,1.02,0.43,3.08,6
"702",7,0.65,0.02,3.47,6
"703",7,0.64,0.02,3.47,6
"704",7.5,0.38,0.48,3.32,4
"705",9.1,0.765,0.04,3.29,4
"706",8.4,1.035,0.15,3.37,5
"707",7,0.78,0.08,3.4,5
"708",7.4,0.49,0.19,3.37,5
"709",7.8,0.545,0.12,3.34,6
"710",9.7,0.31,0.47,3.27,6
"711",10.6,1.025,0.43,3.06,5
"712",8.9,0.565,0.34,3.38,5
"713",8.7,0.69,0,3.36,5
"714",8,0.43,0.36,3.34,5
"715",9.9,0.74,0.28,3.28,5
"716",7.2,0.49,0.18,3.29,6
"717",8,0.43,0.36,3.34,5
"718",7.6,0.46,0.11,3.21,5
"719",8.4,0.56,0.04,3.22,5
"720",7.1,0.66,0,3.46,5
"721",8.4,0.56,0.04,3.22,5
"722",8.9,0.48,0.24,3.1,5
"723",7.6,0.42,0.08,3.21,5
"724",7.1,0.31,0.3,2.94,5
"725",7.5,1.115,0.1,3.54,4
"726",9,0.66,0.17,3.29,5
"727",8.1,0.72,0.09,3.43,6
"728",6.4,0.57,0.02,3.46,5
"729",6.4,0.57,0.02,3.46,5
"730",6.4,0.865,0.03,3.61,6
"731",9.5,0.55,0.66,3.17,5
"732",8.9,0.875,0.13,3.44,5
"733",7.3,0.835,0.03,3.39,5
"734",7,0.45,0.34,3.55,5
"735",7.7,0.56,0.2,3.48,5
"736",7.7,0.965,0.1,3.26,5
"737",7.7,0.965,0.1,3.26,5
"738",8.2,0.59,0,3.5,6
"739",9,0.46,0.23,3.1,5
"740",9,0.69,0,3.35,5
"741",8.3,0.76,0.29,3.45,6
"742",9.2,0.53,0.24,3.21,5
"743",6.5,0.615,0,3.46,5
"744",11.6,0.41,0.58,3.13,5
"745",11.1,0.39,0.54,3.13,5
"746",7.3,0.51,0.18,3.52,6
"747",8.2,0.34,0.38,3.3,6
"748",8.6,0.33,0.4,3.3,5
"749",7.2,0.5,0.18,3.52,6
"750",7.3,0.51,0.18,3.52,6
"751",8.3,0.65,0.1,3.29,5
"752",8.3,0.65,0.1,3.29,5
"753",7.6,0.54,0.13,3.39,5
"754",8.3,0.65,0.1,3.29,5
"755",7.8,0.48,0.68,3.09,6
"756",7.8,0.91,0.07,3.51,6
"757",6.3,0.98,0.01,3.6,6
"758",8.1,0.87,0,3.25,5
"759",8.1,0.87,0,3.25,5
"760",8.8,0.42,0.21,3.19,5
"761",9,0.58,0.25,3.23,5
"762",9.3,0.655,0.26,3.25,5
"763",8.8,0.7,0,3.31,6
"764",9.3,0.655,0.26,3.25,5
"765",9.1,0.68,0.11,3.31,6
"766",9.2,0.67,0.1,3.31,6
"767",8.8,0.59,0.18,3.14,5
"768",7.5,0.6,0.32,3.45,5
"769",7.1,0.59,0.02,3.55,6
"770",7.9,0.72,0.01,3.39,5
"771",7.1,0.59,0.02,3.55,6
"772",9.4,0.685,0.26,3.28,5
"773",9.5,0.57,0.27,3.27,5
"774",7.9,0.4,0.29,3.3,6
"775",7.9,0.4,0.3,3.31,6
"776",7.2,1,0,3.43,5
"777",6.9,0.765,0.18,3.4,6
"778",6.9,0.635,0.17,3.4,6
"779",8.3,0.43,0.3,3.36,5
"780",7.1,0.52,0.03,3.5,5
"781",7,0.57,0,3.31,6
"782",6.5,0.46,0.14,3.66,5
"783",9,0.82,0.05,3.36,5
"784",6.5,0.46,0.14,3.66,5
"785",7.1,0.59,0.01,3.55,5
"786",9.9,0.35,0.41,3.21,5
"787",9.9,0.35,0.41,3.21,5
"788",10,0.56,0.24,3.18,6
"789",10,0.56,0.24,3.18,6
"790",8.6,0.63,0.17,3.09,5
"791",7.4,0.37,0.43,3.33,6
"792",8.8,0.64,0.17,3.23,5
"793",7.1,0.61,0.02,3.48,6
"794",7.7,0.6,0,3.38,5
"795",10.1,0.27,0.54,3.17,6
"796",10.8,0.89,0.3,2.99,5
"797",8.7,0.46,0.31,3.1,5
"798",9.3,0.37,0.44,3.24,7
"799",9.4,0.5,0.34,3.29,6
"800",9.4,0.5,0.34,3.29,6
"801",7.2,0.61,0.08,3.25,5
"802",8.6,0.55,0.09,3.23,5
"803",5.1,0.585,0,3.56,7
"804",7.7,0.56,0.08,3.24,6
"805",8.4,0.52,0.22,3.26,6
"806",8.2,0.28,0.4,3.33,7
"807",8.4,0.25,0.39,3.27,7
"808",8.2,0.28,0.4,3.33,7
"809",7.4,0.53,0.12,3.26,5
"810",7.6,0.48,0.31,3.22,6
"811",7.3,0.49,0.1,3.3,5
"812",12.9,0.5,0.55,3.09,6
"813",10.8,0.45,0.33,3.24,5
"814",6.9,0.39,0.24,3.44,4
"815",12.6,0.41,0.54,3.21,6
"816",10.8,0.45,0.33,3.24,5
"817",9.8,0.51,0.19,3.23,6
"818",10.8,0.29,0.42,3.28,6
"819",7.1,0.715,0,3.29,5
"820",9.1,0.66,0.15,3.28,5
"821",7,0.685,0,3.34,5
"822",4.9,0.42,0,3.71,7
"823",6.7,0.54,0.13,3.61,5
"824",6.7,0.54,0.13,3.61,5
"825",7.1,0.48,0.28,3.24,5
"826",7.1,0.46,0.14,3.36,5
"827",7.5,0.27,0.34,3.4,7
"828",7.1,0.46,0.14,3.36,5
"829",7.8,0.57,0.09,3.46,8
"830",5.9,0.61,0.08,3.56,6
"831",7.5,0.685,0.07,3.38,4
"832",5.9,0.61,0.08,3.56,6
"833",10.4,0.44,0.42,3.38,3
"834",11.6,0.47,0.44,3.38,4
"835",8.8,0.685,0.26,3.32,5
"836",7.6,0.665,0.1,3.39,5
"837",6.7,0.28,0.28,3.26,7
"838",6.7,0.28,0.28,3.26,7
"839",10.1,0.31,0.35,3.24,7
"840",6,0.5,0.04,3.46,5
"841",11.1,0.42,0.47,3.24,7
"842",6.6,0.66,0,3.45,5
"843",10.6,0.5,0.45,3.23,6
"844",7.1,0.685,0.35,3.28,5
"845",9.9,0.25,0.46,3.18,6
"846",6.4,0.64,0.21,3.59,5
"847",6.4,0.64,0.21,3.59,5
"848",7.4,0.68,0.16,3.5,6
"849",6.4,0.64,0.21,3.59,5
"850",6.4,0.63,0.21,3.58,5
"851",9.3,0.43,0.44,3.28,5
"852",9.3,0.43,0.44,3.28,5
"853",8,0.42,0.32,3.22,5
"854",9.3,0.36,0.39,3.47,6
"855",9.3,0.36,0.39,3.47,6
"856",7.6,0.735,0.02,3.51,7
"857",9.3,0.36,0.39,3.47,6
"858",8.2,0.26,0.34,3.4,7
"859",11.7,0.28,0.47,3.15,7
"860",6.8,0.56,0.22,3.4,6
"861",7.2,0.62,0.06,3.51,5
"862",5.8,1.01,0.66,3.66,6
"863",7.5,0.42,0.32,3.24,5
"864",7.2,0.62,0.06,3.51,5
"865",7.2,0.62,0.06,3.51,5
"866",7.2,0.635,0.07,3.51,5
"867",6.8,0.49,0.22,3.41,6
"868",6.9,0.51,0.23,3.4,6
"869",6.8,0.56,0.22,3.4,6
"870",7.6,0.63,0.03,3.44,6
"871",7.7,0.715,0.01,3.41,6
"872",6.9,0.56,0.03,3.53,5
"873",7.3,0.35,0.24,3.43,4
"874",9.1,0.21,0.37,3.23,7
"875",10.4,0.38,0.46,3.12,7
"876",8.8,0.31,0.4,3.31,7
"877",7.1,0.47,0,3.4,4
"878",7.7,0.715,0.01,3.41,6
"879",8.8,0.61,0.19,3.22,6
"880",7.2,0.6,0.04,3.53,5
"881",9.2,0.56,0.18,3.15,5
"882",7.6,0.715,0,3.48,6
"883",8.4,0.31,0.29,3.22,6
"884",7.2,0.6,0.04,3.53,5
"885",8.8,0.61,0.19,3.22,6
"886",8.9,0.75,0.14,3.34,5
"887",9,0.8,0.12,3.33,6
"888",10.7,0.52,0.38,3.15,7
"889",6.8,0.57,0,3.43,6
"890",10.7,0.9,0.34,3.22,5
"891",7.2,0.34,0.24,3.44,5
"892",7.2,0.66,0.03,3.53,5
"893",10.1,0.45,0.23,3.22,6
"894",7.2,0.66,0.03,3.53,5
"895",7.2,0.63,0.03,3.53,6
"896",7.1,0.59,0.01,3.42,6
"897",8.3,0.31,0.39,3.31,7
"898",7.1,0.59,0.01,3.42,6
"899",8.3,0.31,0.39,3.31,7
"900",8.3,1.02,0.02,3.48,3
"901",8.9,0.31,0.36,3.4,5
"902",7.4,0.635,0.1,3.58,7
"903",7.4,0.635,0.1,3.58,7
"904",6.8,0.59,0.06,3.41,7
"905",6.8,0.59,0.06,3.41,7
"906",9.2,0.58,0.2,3.23,5
"907",7.2,0.54,0.27,3.39,5
"908",6.1,0.56,0,3.59,6
"909",7.4,0.52,0.13,3.43,6
"910",7.3,0.305,0.39,3.29,6
"911",9.3,0.38,0.48,3.23,6
"912",9.1,0.28,0.46,3.18,6
"913",10,0.46,0.44,3.33,6
"914",9.4,0.395,0.46,3.27,7
"915",7.3,0.305,0.39,3.29,6
"916",8.6,0.315,0.4,3.27,6
"917",5.3,0.715,0.19,3.62,5
"918",6.8,0.41,0.31,3.38,6
"919",8.4,0.36,0.32,3.3,6
"920",8.4,0.62,0.12,3.38,6
"921",9.6,0.41,0.37,3.24,5
"922",8.4,0.36,0.32,3.3,6
"923",8.4,0.62,0.12,3.38,6
"924",6.8,0.41,0.31,3.38,6
"925",8.6,0.47,0.27,3.18,5
"926",8.6,0.22,0.36,3.47,7
"927",9.4,0.24,0.33,3.47,6
"928",8.4,0.67,0.19,3.2,4
"929",8.6,0.47,0.27,3.18,5
"930",8.7,0.33,0.38,3.3,7
"931",6.6,0.61,0.01,3.69,5
"932",7.4,0.61,0.01,3.48,5
"933",7.6,0.4,0.29,3.45,6
"934",7.4,0.61,0.01,3.48,5
"935",6.6,0.61,0.01,3.69,5
"936",8.8,0.3,0.38,3.39,6
"937",8.8,0.3,0.38,3.39,6
"938",12,0.63,0.5,3.07,4
"939",7.2,0.38,0.38,3.34,7
"940",6.2,0.46,0.17,3.61,5
"941",9.6,0.33,0.52,3.36,7
"942",9.9,0.27,0.49,3.19,7
"943",10.1,0.43,0.4,3.22,7
"944",9.8,0.5,0.34,3.24,7
"945",8.3,0.3,0.49,3.27,7
"946",10.2,0.44,0.42,3.14,7
"947",10.2,0.44,0.58,3.29,7
"948",8.3,0.28,0.48,3.26,7
"949",8.9,0.12,0.45,3.41,7
"950",8.9,0.12,0.45,3.41,7
"951",8.9,0.12,0.45,3.41,7
"952",8.3,0.28,0.48,3.26,7
"953",8.2,0.31,0.4,3.31,7
"954",10.2,0.34,0.48,3.2,7
"955",7.6,0.43,0.4,3.44,6
"956",8.5,0.21,0.52,3.36,5
"957",9,0.36,0.52,3.31,6
"958",9.5,0.37,0.52,3.29,6
"959",6.4,0.57,0.12,3.47,7
"960",8,0.59,0.05,3.36,5
"961",8.5,0.47,0.27,3.16,6
"962",7.1,0.56,0.14,3.27,5
"963",6.6,0.57,0.02,3.38,5
"964",8.8,0.27,0.39,3.15,6
"965",8.5,0.47,0.27,3.16,6
"966",8.3,0.34,0.4,3.34,6
"967",9,0.38,0.41,3.13,7
"968",8.5,0.66,0.2,3.13,5
"969",9,0.4,0.43,3.2,6
"970",6.7,0.56,0.09,3.46,5
"971",10.4,0.26,0.48,3.33,6
"972",10.4,0.26,0.48,3.33,6
"973",10.1,0.38,0.5,3.22,7
"974",8.5,0.34,0.44,3.52,5
"975",8.8,0.33,0.41,3.3,7
"976",7.2,0.41,0.3,3.44,5
"977",7.2,0.41,0.3,3.44,5
"978",8.4,0.59,0.29,3.15,5
"979",7,0.4,0.32,3.28,7
"980",12.2,0.45,0.49,3.13,5
"981",9.1,0.5,0.3,3.32,6
"982",9.5,0.86,0.26,3.25,5
"983",7.3,0.52,0.32,3.34,6
"984",9.1,0.5,0.3,3.32,6
"985",12.2,0.45,0.49,3.13,5
"986",7.4,0.58,0,3.45,6
"987",9.8,0.34,0.39,3.19,7
"988",7.1,0.36,0.3,3.44,5
"989",7.7,0.39,0.12,3.16,5
"990",9.7,0.295,0.4,3.14,6
"991",7.7,0.39,0.12,3.16,5
"992",7.1,0.34,0.28,3.45,5
"993",6.5,0.4,0.1,3.36,6
"994",7.1,0.34,0.28,3.45,5
"995",10,0.35,0.45,3.15,5
"996",7.7,0.6,0.06,3.39,6
"997",5.6,0.66,0,3.71,7
"998",5.6,0.66,0,3.71,7
"999",8.9,0.84,0.34,3.12,6
"1000",6.4,0.69,0,3.47,6
"1001",7.5,0.43,0.3,3.44,7
"1002",9.9,0.35,0.38,3.26,7
"1003",9.1,0.29,0.33,3.26,7
"1004",6.8,0.36,0.32,3.36,7
"1005",8.2,0.43,0.29,3.25,5
"1006",6.8,0.36,0.32,3.36,7
"1007",9.1,0.29,0.33,3.26,7
"1008",9.1,0.3,0.34,3.26,7
"1009",8.9,0.35,0.4,3.23,7
"1010",9.6,0.5,0.36,3.18,5
"1011",8.9,0.28,0.45,3.25,7
"1012",8.9,0.32,0.31,3.17,6
"1013",7.7,1.005,0.15,3.23,5
"1014",7.5,0.71,0,3.38,6
"1015",8,0.58,0.16,3.22,6
"1016",10.5,0.39,0.46,3.06,6
"1017",8.9,0.38,0.4,3.27,7
"1018",8,0.18,0.37,2.89,6
"1019",8,0.18,0.37,2.89,6
"1020",7,0.5,0.14,3.53,5
"1021",11.3,0.36,0.66,3.2,6
"1022",11.3,0.36,0.66,3.2,6
"1023",7,0.51,0.09,3.35,5
"1024",8.2,0.32,0.42,3.27,6
"1025",7.7,0.58,0.01,3.32,7
"1026",8.6,0.83,0,3.33,6
"1027",7.9,0.31,0.32,3.41,6
"1028",6.4,0.795,0,3.49,5
"1029",7.2,0.34,0.21,3.37,6
"1030",7.7,0.58,0.01,3.32,7
"1031",7.1,0.59,0,3.42,7
"1032",7.3,0.55,0.01,3.35,7
"1033",8.1,0.82,0,3.36,5
"1034",7.5,0.57,0.08,3.3,6
"1035",8.9,0.745,0.18,3.2,6
"1036",10.1,0.37,0.34,3.17,7
"1037",7.6,0.31,0.34,3.22,7
"1038",7.3,0.91,0.1,3.35,5
"1039",8.7,0.41,0.41,3.24,7
"1040",8.9,0.5,0.21,3.33,6
"1041",7.4,0.965,0,3.58,5
"1042",6.9,0.49,0.19,3.38,6
"1043",8.9,0.5,0.21,3.33,6
"1044",9.5,0.39,0.41,3.29,7
"1045",6.4,0.39,0.33,3.36,6
"1046",6.9,0.44,0,3.32,6
"1047",7.6,0.78,0,3.31,6
"1048",7.1,0.43,0.17,3.49,5
"1049",9.3,0.49,0.36,3.27,6
"1050",9.3,0.5,0.36,3.27,6
"1051",7.1,0.43,0.17,3.49,5
"1052",8.5,0.46,0.59,3.03,5
"1053",5.6,0.605,0.05,3.56,5
"1054",8.3,0.33,0.42,3.38,7
"1055",8.2,0.64,0.27,3.13,6
"1056",8.2,0.64,0.27,3.13,6
"1057",8.9,0.48,0.53,3.21,7
"1058",7.6,0.42,0.25,3.15,5
"1059",9.9,0.53,0.57,3.19,7
"1060",8.9,0.48,0.53,3.21,7
"1061",11.6,0.23,0.57,3.14,6
"1062",9.1,0.4,0.5,3.21,8
"1063",8,0.38,0.44,3.3,6
"1064",10.2,0.29,0.65,3.22,6
"1065",8.2,0.74,0.09,3.28,6
"1066",7.7,0.61,0.18,3.29,6
"1067",6.6,0.52,0.08,3.4,7
"1068",11.1,0.31,0.53,3.02,7
"1069",11.1,0.31,0.53,3.02,7
"1070",8,0.62,0.35,3.31,5
"1071",9.3,0.33,0.45,3.18,7
"1072",7.5,0.77,0.2,3.2,5
"1073",7.2,0.35,0.26,3.4,6
"1074",8,0.62,0.33,3.31,6
"1075",7.5,0.77,0.2,3.2,5
"1076",9.1,0.25,0.34,3.44,7
"1077",9.9,0.32,0.56,3.15,6
"1078",8.6,0.37,0.65,3.27,5
"1079",8.6,0.37,0.65,3.27,5
"1080",7.9,0.3,0.68,3.01,7
"1081",10.3,0.27,0.56,3.16,6
"1082",7.9,0.3,0.68,3.01,7
"1083",7.2,0.38,0.3,3.42,6
"1084",8.7,0.42,0.45,3.33,6
"1085",7.2,0.38,0.3,3.42,6
"1086",6.8,0.48,0.08,3.12,5
"1087",8.5,0.34,0.4,3.38,7
"1088",7.9,0.19,0.42,3.29,6
"1089",11.6,0.41,0.54,3.02,7
"1090",11.6,0.41,0.54,3.02,7
"1091",10,0.26,0.54,2.98,8
"1092",7.9,0.34,0.42,3.35,6
"1093",7,0.54,0.09,3.43,6
"1094",9.2,0.31,0.36,3.33,7
"1095",6.6,0.725,0.09,3.35,6
"1096",9.4,0.4,0.47,3.15,5
"1097",6.6,0.725,0.09,3.35,6
"1098",8.6,0.52,0.38,3.2,5
"1099",8,0.31,0.45,3.15,7
"1100",8.6,0.52,0.38,3.2,5
"1101",8.4,0.34,0.42,3.11,6
"1102",7.4,0.49,0.27,3.35,6
"1103",6.1,0.48,0.09,3.45,6
"1104",7.4,0.49,0.27,3.35,6
"1105",8,0.48,0.34,3.28,6
"1106",6.3,0.57,0.28,3.41,5
"1107",8.2,0.23,0.42,3.21,6
"1108",9.1,0.3,0.41,3.27,7
"1109",8.1,0.78,0.1,3.36,5
"1110",10.8,0.47,0.43,3.17,6
"1111",8.3,0.53,0,3.25,6
"1112",5.4,0.42,0.27,3.78,7
"1113",7.9,0.33,0.41,3.29,6
"1114",8.9,0.24,0.39,3.12,6
"1115",5,0.4,0.5,3.49,6
"1116",7,0.69,0.07,3.38,6
"1117",7,0.69,0.07,3.38,6
"1118",7,0.69,0.07,3.38,6
"1119",7.1,0.39,0.12,3.3,6
"1120",5.6,0.66,0,3.52,5
"1121",7.9,0.54,0.34,3.2,8
"1122",6.6,0.5,0,3.44,6
"1123",6.3,0.47,0,3.45,6
"1124",10.7,0.4,0.37,3.12,6
"1125",6.5,0.58,0,3.62,4
"1126",8.8,0.24,0.35,3.14,7
"1127",5.8,0.29,0.26,3.39,6
"1128",6.3,0.76,0,3.51,6
"1129",10,0.43,0.33,3.22,5
"1130",10.5,0.43,0.35,3.21,6
"1131",9.1,0.6,0,3.18,6
"1132",5.9,0.19,0.21,3.32,5
"1133",7.4,0.36,0.34,3.38,7
"1134",7.2,0.48,0.07,3.37,7
"1135",8.5,0.28,0.35,3.3,7
"1136",8,0.25,0.43,3.38,6
"1137",10.4,0.52,0.45,3.22,6
"1138",10.4,0.52,0.45,3.22,6
"1139",7.5,0.41,0.15,3.14,5
"1140",8.2,0.51,0.24,3.34,6
"1141",7.3,0.4,0.3,3.41,6
"1142",8.2,0.38,0.32,3.27,6
"1143",6.9,0.45,0.11,3.3,6
"1144",7,0.22,0.3,3.61,6
"1145",7.3,0.32,0.23,3.43,5
"1146",8.2,0.2,0.43,3.53,6
"1147",7.8,0.5,0.12,3.28,6
"1148",10,0.41,0.45,3.21,7
"1149",7.8,0.39,0.42,3.39,6
"1150",10,0.35,0.47,3.23,6
"1151",8.2,0.33,0.32,3.3,7
"1152",6.1,0.58,0.23,3.46,6
"1153",8.3,0.6,0.25,3.15,5
"1154",9.6,0.42,0.35,3.23,6
"1155",6.6,0.58,0,3.59,6
"1156",8.3,0.6,0.25,3.15,5
"1157",8.5,0.18,0.51,3.33,7
"1158",5.1,0.51,0.18,3.46,7
"1159",6.7,0.41,0.43,3.42,6
"1160",10.2,0.41,0.43,3.16,5
"1161",10.6,0.36,0.57,3.14,7
"1162",8.8,0.45,0.43,3.21,6
"1163",8.5,0.32,0.42,3.14,7
"1164",9,0.785,0.24,3.29,5
"1165",9,0.785,0.24,3.29,5
"1166",8.5,0.44,0.5,3.01,5
"1167",9.9,0.54,0.26,2.94,5
"1168",8.2,0.33,0.39,3.32,7
"1169",6.5,0.34,0.27,3.21,6
"1170",7.6,0.5,0.29,3.32,6
"1171",9.2,0.36,0.34,3.2,6
"1172",7.1,0.59,0,3.42,6
"1173",9.7,0.42,0.46,3.27,6
"1174",7.6,0.36,0.31,3.46,6
"1175",7.6,0.36,0.31,3.46,6
"1176",6.5,0.61,0,3.61,6
"1177",6.5,0.88,0.03,3.58,4
"1178",7.1,0.66,0,3.35,7
"1179",5.6,0.915,0,3.68,5
"1180",8.2,0.35,0.33,3.27,6
"1181",8.2,0.35,0.33,3.27,6
"1182",9.8,0.39,0.43,3.19,5
"1183",10.2,0.4,0.4,3.38,6
"1184",6.8,0.66,0.07,3.29,5
"1185",6.7,0.64,0.23,3.36,5
"1186",7,0.43,0.3,3.33,6
"1187",6.6,0.8,0.03,3.52,5
"1188",7,0.43,0.3,3.33,6
"1189",6.7,0.64,0.23,3.36,5
"1190",8.8,0.955,0.05,3.3,4
"1191",9.1,0.4,0.57,3.28,6
"1192",6.5,0.885,0,3.56,5
"1193",7.2,0.25,0.37,3.52,7
"1194",6.4,0.885,0,3.56,5
"1195",7,0.745,0.12,3.22,6
"1196",6.2,0.43,0.22,3.52,6
"1197",7.9,0.58,0.23,3.21,6
"1198",7.7,0.57,0.21,3.16,6
"1199",7.7,0.26,0.26,3.15,6
"1200",7.9,0.58,0.23,3.21,6
"1201",7.7,0.57,0.21,3.16,6
"1202",7.9,0.34,0.36,3.27,7
"1203",8.6,0.42,0.39,3.35,8
"1204",9.9,0.74,0.19,3.14,5
"1205",7.2,0.36,0.46,3.4,7
"1206",7.2,0.36,0.46,3.4,7
"1207",7.2,0.36,0.46,3.4,7
"1208",9.9,0.72,0.55,3.35,5
"1209",7.2,0.36,0.46,3.4,7
"1210",6.2,0.39,0.43,3.45,7
"1211",6.8,0.65,0.02,3.35,6
"1212",6.6,0.44,0.15,3.32,5
"1213",6.8,0.65,0.02,3.35,6
"1214",9.6,0.38,0.42,3.15,6
"1215",10.2,0.33,0.46,3.1,6
"1216",8.8,0.27,0.46,3.26,6
"1217",7.9,0.57,0.31,3.29,6
"1218",8.2,0.34,0.37,3.23,6
"1219",8.2,0.4,0.31,3.24,6
"1220",9,0.39,0.4,3.2,6
"1221",10.9,0.32,0.52,3.28,6
"1222",10.9,0.32,0.52,3.28,6
"1223",8.1,0.53,0.22,3.26,6
"1224",10.5,0.36,0.47,3.23,6
"1225",12.6,0.39,0.49,3.07,6
"1226",9.2,0.46,0.23,3.15,5
"1227",7.5,0.58,0.03,3.02,5
"1228",9,0.58,0.25,3.27,5
"1229",5.1,0.42,0,3.68,7
"1230",7.6,0.43,0.29,3.4,5
"1231",7.7,0.18,0.34,3.37,6
"1232",7.8,0.815,0.01,3.38,5
"1233",7.6,0.43,0.29,3.4,5
"1234",10.2,0.23,0.37,3.23,4
"1235",7.1,0.75,0.01,3.39,6
"1236",6,0.33,0.32,3.3,4
"1237",7.8,0.55,0,3.26,6
"1238",7.1,0.75,0.01,3.39,6
"1239",8.1,0.73,0,3.38,4
"1240",6.5,0.67,0,3.45,4
"1241",7.5,0.61,0.2,3.1,5
"1242",9.8,0.37,0.39,3.16,5
"1243",9,0.4,0.41,3.22,6
"1244",8.3,0.56,0.22,3.37,5
"1245",5.9,0.29,0.25,3.33,6
"1246",7.4,0.55,0.19,3.49,5
"1247",7.4,0.74,0.07,3.12,5
"1248",7.4,0.55,0.19,3.49,5
"1249",6.9,0.41,0.33,3.41,6
"1250",7.1,0.6,0.01,3.4,6
"1251",7.1,0.6,0.01,3.4,6
"1252",7.5,0.58,0.14,3.28,5
"1253",7.1,0.72,0,3.45,5
"1254",7.9,0.66,0,3.43,5
"1255",7.8,0.7,0.06,3.4,5
"1256",6.1,0.64,0.02,3.47,5
"1257",7.5,0.59,0.22,3.1,5
"1258",7,0.58,0.28,3.32,6
"1259",6.8,0.64,0,3.44,6
"1260",6.8,0.64,0,3.44,6
"1261",8.6,0.635,0.68,3.02,5
"1262",6.3,1.02,0,3.59,4
"1263",9.8,0.45,0.38,3.15,5
"1264",8.2,0.78,0,3.37,4
"1265",8.5,0.37,0.32,3.38,6
"1266",7.2,0.57,0.05,3.38,6
"1267",7.2,0.57,0.05,3.38,6
"1268",10.4,0.43,0.5,3.1,6
"1269",6.9,0.41,0.31,3.47,6
"1270",5.5,0.49,0.03,3.5,8
"1271",5,0.38,0.01,3.7,6
"1272",7.3,0.44,0.2,3.38,6
"1273",5.9,0.46,0,3.5,5
"1274",7.5,0.58,0.2,3.1,5
"1275",7.8,0.58,0.13,3.24,6
"1276",8,0.715,0.22,3.24,6
"1277",8.5,0.4,0.4,3.28,4
"1278",7,0.69,0,3.35,6
"1279",8,0.715,0.22,3.24,6
"1280",9.8,0.3,0.39,3.14,7
"1281",7.1,0.46,0.2,3.37,6
"1282",7.1,0.46,0.2,3.37,6
"1283",7.9,0.765,0,3.33,6
"1284",8.7,0.63,0.28,3.26,6
"1285",7,0.42,0.19,3.39,5
"1286",11.3,0.37,0.5,3.15,5
"1287",7.1,0.16,0.44,3.35,6
"1288",8,0.6,0.08,3.22,5
"1289",7,0.6,0.3,3.3,5
"1290",7,0.6,0.3,3.3,5
"1291",7.6,0.74,0,3.36,5
"1292",8.2,0.635,0.1,3.29,6
"1293",5.9,0.395,0.13,3.62,6
"1294",7.5,0.755,0,3.34,4
"1295",8.2,0.635,0.1,3.29,6
"1296",6.6,0.63,0,3.2,5
"1297",6.6,0.63,0,3.2,5
"1298",7.2,0.53,0.14,3.35,6
"1299",5.7,0.6,0,3.45,6
"1300",7.6,1.58,0,3.5,3
"1301",5.2,0.645,0,3.78,6
"1302",6.7,0.86,0.07,3.6,6
"1303",9.1,0.37,0.32,3.3,6
"1304",8,0.28,0.44,3.36,5
"1305",7.6,0.79,0.21,3.12,5
"1306",7.5,0.61,0.26,3.3,5
"1307",9.7,0.69,0.32,3.29,5
"1308",6.8,0.68,0.09,3.41,4
"1309",9.7,0.69,0.32,3.29,5
"1310",7,0.62,0.1,3.28,5
"1311",7.5,0.61,0.26,3.3,5
"1312",6.5,0.51,0.15,3.33,6
"1313",8,1.18,0.21,3.34,5
"1314",7,0.36,0.21,3.4,6
"1315",7,0.36,0.21,3.4,6
"1316",7.5,0.63,0.27,3.26,6
"1317",5.4,0.74,0,4.01,6
"1318",9.9,0.44,0.46,3.18,6
"1319",7.5,0.63,0.27,3.26,6
"1320",9.1,0.76,0.68,2.9,6
"1321",9.7,0.66,0.34,3.26,5
"1322",5,0.74,0,4.01,6
"1323",9.1,0.34,0.42,3.18,5
"1324",9.1,0.36,0.39,3.18,7
"1325",6.7,0.46,0.24,3.39,6
"1326",6.7,0.46,0.24,3.39,6
"1327",6.7,0.46,0.24,3.39,6
"1328",6.7,0.46,0.24,3.39,6
"1329",6.5,0.52,0.11,3.34,5
"1330",7.4,0.6,0.26,3.29,6
"1331",7.4,0.6,0.26,3.29,6
"1332",7.8,0.87,0.26,3.26,5
"1333",8.4,0.39,0.1,3.09,6
"1334",9.1,0.775,0.22,3.18,5
"1335",7.2,0.835,0,3.39,5
"1336",6.6,0.58,0.02,3.38,6
"1337",6,0.5,0,3.36,5
"1338",6,0.5,0,3.36,5
"1339",6,0.5,0,3.36,5
"1340",7.5,0.51,0.02,3.36,6
"1341",7.5,0.51,0.02,3.36,6
"1342",7.5,0.51,0.02,3.36,6
"1343",7.6,0.54,0.02,3.37,6
"1344",7.5,0.51,0.02,3.36,6
"1345",11.5,0.42,0.48,3.09,5
"1346",8.2,0.44,0.24,3.25,6
"1347",6.1,0.59,0.01,3.52,5
"1348",7.2,0.655,0.03,3.34,5
"1349",7.2,0.655,0.03,3.34,5
"1350",6.9,0.57,0,3.41,5
"1351",9,0.6,0.29,3.34,5
"1352",7.2,0.62,0.01,3.32,6
"1353",7.6,0.645,0.03,3.37,5
"1354",7.6,0.645,0.03,3.37,5
"1355",7.2,0.58,0.03,3.35,5
"1356",6.1,0.32,0.25,3.36,5
"1357",6.1,0.34,0.25,3.36,5
"1358",7.3,0.43,0.24,3.6,6
"1359",7.4,0.64,0.17,3.28,5
"1360",11.6,0.475,0.4,3.07,6
"1361",9.2,0.54,0.31,3.24,5
"1362",8.3,0.85,0.14,3.36,5
"1363",11.6,0.475,0.4,3.07,6
"1364",8,0.83,0.27,3.29,4
"1365",7.2,0.605,0.02,3.46,6
"1366",7.8,0.5,0.09,3.18,5
"1367",7.3,0.74,0.08,3.24,5
"1368",6.9,0.54,0.3,3.25,6
"1369",8,0.77,0.32,3.27,6
"1370",6.6,0.61,0,3.33,4
"1371",8.7,0.78,0.51,3,5
"1372",7.5,0.58,0.56,3.21,6
"1373",8.7,0.78,0.51,3,5
"1374",7.7,0.75,0.27,3.24,5
"1375",6.8,0.815,0,3.32,3
"1376",7.2,0.56,0.26,3.26,5
"1377",8.2,0.885,0.2,3.11,5
"1378",5.2,0.49,0.26,3.71,6
"1379",7.2,0.45,0.15,3.29,6
"1380",7.5,0.57,0.02,3.36,6
"1381",7.5,0.57,0.02,3.36,6
"1382",6.8,0.83,0.09,3.38,5
"1383",8,0.6,0.22,3.3,5
"1384",8,0.6,0.22,3.3,5
"1385",7.1,0.755,0.15,3.19,5
"1386",8,0.81,0.25,3.19,5
"1387",7.4,0.64,0.07,3.3,5
"1388",7.4,0.64,0.07,3.3,5
"1389",6.6,0.64,0.31,3.35,5
"1390",6.7,0.48,0.02,3.1,5
"1391",6,0.49,0,3.58,6
"1392",8,0.64,0.22,3.37,5
"1393",7.1,0.62,0.06,3.17,5
"1394",8,0.52,0.25,3.3,5
"1395",6.4,0.57,0.14,3.32,5
"1396",8.6,0.685,0.1,3.31,6
"1397",8.7,0.675,0.1,3.31,5
"1398",7.3,0.59,0.26,3.28,5
"1399",7,0.6,0.12,3.52,7
"1400",7.2,0.67,0,3.42,6
"1401",7.9,0.69,0.21,3.25,5
"1402",7.9,0.69,0.21,3.25,5
"1403",7.6,0.3,0.42,3.44,6
"1404",7.2,0.33,0.33,3.23,8
"1405",8,0.5,0.39,3.43,6
"1406",7.7,0.28,0.3,3.28,7
"1407",8.2,0.24,0.34,3.22,6
"1408",6,0.51,0,3.54,6
"1409",8.1,0.29,0.36,3.27,7
"1410",6,0.51,0,3.54,6
"1411",6.6,0.96,0,3.5,6
"1412",6.4,0.47,0.4,3.56,6
"1413",8.2,0.24,0.34,3.22,6
"1414",9.9,0.57,0.25,3.04,5
"1415",10,0.32,0.59,3.2,5
"1416",6.2,0.58,0,3.56,5
"1417",10,0.32,0.59,3.2,5
"1418",7.3,0.34,0.33,3.35,7
"1419",7.8,0.53,0.01,3.16,5
"1420",7.7,0.64,0.21,3.27,5
"1421",7.8,0.53,0.01,3.16,5
"1422",7.5,0.4,0.18,3.34,5
"1423",7,0.54,0,3.39,6
"1424",6.4,0.53,0.09,3.5,4
"1425",8.3,0.26,0.37,3.26,6
"1426",8.3,0.26,0.37,3.26,6
"1427",7.7,0.23,0.37,3.41,6
"1428",7.6,0.41,0.33,3.3,5
"1429",7.8,0.64,0,3.31,5
"1430",7.9,0.18,0.4,3.33,5
"1431",7.4,0.41,0.24,3.37,5
"1432",7.6,0.43,0.31,3.26,6
"1433",5.9,0.44,0,3.48,6
"1434",6.1,0.4,0.16,3.42,7
"1435",10.2,0.54,0.37,3.18,6
"1436",10.2,0.54,0.37,3.18,6
"1437",10,0.38,0.38,3.15,5
"1438",6.8,0.915,0.29,3.53,5
"1439",7,0.59,0,3.41,5
"1440",7.3,0.67,0.02,3.32,6
"1441",7.2,0.37,0.32,3.23,7
"1442",7.4,0.785,0.19,3.16,6
"1443",6.9,0.63,0.02,3.4,5
"1444",6.9,0.58,0.2,3.38,5
"1445",7.3,0.67,0.02,3.32,6
"1446",7.4,0.785,0.19,3.16,6
"1447",6.9,0.63,0.02,3.4,5
"1448",6.8,0.67,0,3.4,5
"1449",6.9,0.58,0.01,3.4,5
"1450",7.2,0.38,0.31,3.23,8
"1451",7.2,0.37,0.32,3.23,7
"1452",7.8,0.32,0.44,3.33,7
"1453",6.6,0.58,0.02,3.35,7
"1454",7.6,0.49,0.33,3.41,5
"1455",11.7,0.45,0.63,3.21,6
"1456",6.5,0.9,0,3.5,6
"1457",6,0.54,0.06,3.3,6
"1458",7.6,0.49,0.33,3.41,5
"1459",8.4,0.29,0.4,3.39,5
"1460",7.9,0.2,0.35,3.32,7
"1461",6.4,0.42,0.09,3.41,6
"1462",6.2,0.785,0,3.59,4
"1463",6.8,0.64,0.03,3.36,6
"1464",6.9,0.63,0.01,3.34,6
"1465",6.8,0.59,0.1,3.41,5
"1466",6.8,0.59,0.1,3.41,5
"1467",7.3,0.48,0.32,3.3,7
"1468",6.7,1.04,0.08,3.52,4
"1469",7.3,0.48,0.32,3.3,7
"1470",7.3,0.98,0.05,3.31,3
"1471",10,0.69,0.11,2.88,5
"1472",6.7,0.7,0.08,3.43,5
"1473",7.6,0.35,0.6,3.38,6
"1474",6.1,0.6,0.08,3.38,5
"1475",9.9,0.5,0.5,3.16,5
"1476",5.3,0.47,0.11,3.54,7
"1477",9.9,0.5,0.5,3.16,5
"1478",5.3,0.47,0.11,3.54,7
"1479",7.1,0.875,0.05,3.4,3
"1480",8.2,0.28,0.6,3.39,5
"1481",5.6,0.62,0.03,3.66,4
"1482",8.2,0.28,0.6,3.39,5
"1483",7.2,0.58,0.54,3.33,4
"1484",8.1,0.33,0.44,3.35,5
"1485",6.8,0.91,0.06,3.53,4
"1486",7,0.655,0.16,3.37,5
"1487",6.8,0.68,0.21,3.38,5
"1488",6,0.64,0.05,3.52,5
"1489",5.6,0.54,0.04,3.72,5
"1490",6.2,0.57,0.1,3.44,6
"1491",7.1,0.22,0.49,3.39,6
"1492",5.6,0.54,0.04,3.72,5
"1493",6.2,0.65,0.06,3.57,5
"1494",7.7,0.54,0.26,3.26,5
"1495",6.4,0.31,0.09,3.42,7
"1496",7,0.43,0.02,3.35,6
"1497",7.7,0.54,0.26,3.26,5
"1498",6.9,0.74,0.03,3.45,6
"1499",6.6,0.895,0.04,3.53,6
"1500",6.9,0.74,0.03,3.45,6
"1501",7.5,0.725,0.04,3.26,5
"1502",7.8,0.82,0.29,3.16,5
"1503",7.3,0.585,0.18,3.31,5
"1504",6.2,0.44,0.39,3.51,6
"1505",7.5,0.38,0.57,3.36,6
"1506",6.7,0.76,0.02,3.55,3
"1507",6.8,0.81,0.05,3.51,6
"1508",7.5,0.38,0.57,3.36,6
"1509",7.1,0.27,0.6,3.38,6
"1510",7.9,0.18,0.4,3.28,5
"1511",6.4,0.36,0.21,3.47,6
"1512",7.1,0.69,0.04,3.44,5
"1513",6.4,0.79,0.04,3.53,6
"1514",6.4,0.56,0.15,3.33,6
"1515",6.9,0.84,0.21,3.53,6
"1516",6.9,0.84,0.21,3.53,6
"1517",6.1,0.32,0.25,3.42,5
"1518",6.5,0.53,0.06,3.38,6
"1519",7.4,0.47,0.46,3.32,5
"1520",6.6,0.7,0.08,3.44,5
"1521",6.5,0.53,0.06,3.38,6
"1522",6.9,0.48,0.2,3.39,4
"1523",6.1,0.32,0.25,3.42,5
"1524",6.8,0.48,0.25,3.34,5
"1525",6,0.42,0.19,3.39,6
"1526",6.7,0.48,0.08,3.33,5
"1527",6.8,0.47,0.08,3.3,6
"1528",7.1,0.53,0.07,3.29,6
"1529",7.9,0.29,0.49,3.31,6
"1530",7.1,0.69,0.08,3.42,6
"1531",6.6,0.44,0.09,3.42,6
"1532",6.1,0.705,0.1,3.6,5
"1533",7.2,0.53,0.13,3.21,6
"1534",8,0.39,0.3,3.39,5
"1535",6.6,0.56,0.14,3.42,7
"1536",7,0.55,0.13,3.36,6
"1537",6.1,0.53,0.08,3.6,6
"1538",5.4,0.58,0.08,3.5,6
"1539",6.2,0.64,0.09,3.57,5
"1540",7.2,0.39,0.32,3.46,5
"1541",6.2,0.52,0.08,3.56,6
"1542",7.4,0.25,0.29,3.4,7
"1543",6.7,0.855,0.02,3.3,6
"1544",11.1,0.44,0.42,3.25,6
"1545",8.4,0.37,0.43,3.17,7
"1546",6.5,0.63,0.33,3.36,6
"1547",7,0.57,0.02,3.36,5
"1548",6.3,0.6,0.1,3.55,5
"1549",11.2,0.4,0.5,3.1,5
"1550",7.4,0.36,0.3,3.24,8
"1551",7.1,0.68,0,3.45,5
"1552",7.1,0.67,0,3.44,5
"1553",6.3,0.68,0.01,3.51,6
"1554",7.3,0.735,0,3.41,5
"1555",6.6,0.855,0.02,3.54,6
"1556",7,0.56,0.17,3.44,7
"1557",6.6,0.88,0.04,3.53,5
"1558",6.6,0.855,0.02,3.54,6
"1559",6.9,0.63,0.33,3.22,5
"1560",7.8,0.6,0.26,3.21,5
"1561",7.8,0.6,0.26,3.21,5
"1562",7.8,0.6,0.26,3.21,5
"1563",7.2,0.695,0.13,3.29,5
"1564",7.2,0.695,0.13,3.29,5
"1565",7.2,0.695,0.13,3.29,5
"1566",6.7,0.67,0.02,3.39,6
"1567",6.7,0.16,0.64,3.34,6
"1568",7.2,0.695,0.13,3.29,5
"1569",7,0.56,0.13,3.34,5
"1570",6.2,0.51,0.14,3.48,6
"1571",6.4,0.36,0.53,3.37,6
"1572",6.4,0.38,0.14,3.44,6
"1573",7.3,0.69,0.32,3.33,5
"1574",6,0.58,0.2,3.58,6
"1575",5.6,0.31,0.78,3.39,6
"1576",7.5,0.52,0.4,3.26,6
"1577",8,0.3,0.63,3.3,6
"1578",6.2,0.7,0.15,3.54,6
"1579",6.8,0.67,0.15,3.42,6
"1580",6.2,0.56,0.09,3.54,5
"1581",7.4,0.35,0.33,3.36,6
"1582",6.2,0.56,0.09,3.54,5
"1583",6.1,0.715,0.1,3.57,5
"1584",6.2,0.46,0.29,3.33,5
"1585",6.7,0.32,0.44,3.29,7
"1586",7.2,0.39,0.44,3.3,6
"1587",7.5,0.31,0.41,3.34,6
"1588",5.8,0.61,0.11,3.55,6
"1589",7.2,0.66,0.33,3.27,6
"1590",6.6,0.725,0.2,3.29,5
"1591",6.3,0.55,0.15,3.32,6
"1592",5.4,0.74,0.09,3.67,6
"1593",6.3,0.51,0.13,3.42,6
"1594",6.8,0.62,0.08,3.42,6
"1595",6.2,0.6,0.08,3.45,5
"1596",5.9,0.55,0.1,3.52,6
"1597",6.3,0.51,0.13,3.42,6
"1598",5.9,0.645,0.12,3.57,5
"1599",6,0.31,0.47,3.39,6
